-- phpMyAdmin SQL Dump
-- version 5.0.2
-- https://www.phpmyadmin.net/
--
-- Servidor: localhost:3306
-- Tiempo de generación: 05-02-2021 a las 04:08:41
-- Versión del servidor: 5.7.24
-- Versión de PHP: 7.4.8

SET SQL_MODE = "NO_AUTO_VALUE_ON_ZERO";
START TRANSACTION;
SET time_zone = "+00:00";


/*!40101 SET @OLD_CHARACTER_SET_CLIENT=@@CHARACTER_SET_CLIENT */;
/*!40101 SET @OLD_CHARACTER_SET_RESULTS=@@CHARACTER_SET_RESULTS */;
/*!40101 SET @OLD_COLLATION_CONNECTION=@@COLLATION_CONNECTION */;
/*!40101 SET NAMES utf8mb4 */;

--
-- Base de datos: `new_police`
--

-- --------------------------------------------------------

--
-- Estructura de tabla para la tabla `district`
--

CREATE TABLE `district` (
  `id` char(36) NOT NULL,
  `description` varchar(100) NOT NULL,
  `createAt` datetime NOT NULL
) ENGINE=InnoDB DEFAULT CHARSET=utf8mb4;

--
-- Volcado de datos para la tabla `district`
--

INSERT INTO `district` (`id`, `description`, `createAt`) VALUES
('055eefe9-7cf6-4895-972e-1408d96dba10', 'Buenos Aires', '2021-02-01 19:14:33'),
('11701c16-a756-4774-809c-fa523582af46', 'Santa Fe', '2021-02-01 19:18:36'),
('16af89e7-4079-414b-b2b7-8ac377b40f7a', 'Neuquen', '2021-02-01 19:17:35'),
('243e132c-32e4-4828-8191-70643eb568af', 'Santa Cruz', '2021-02-01 19:18:23'),
('2838f0e3-f208-42a8-9a34-75b68828e5c7', 'Santiago del Estero', '2021-02-01 19:18:53'),
('2c8ee470-328b-4500-95ad-a24530cc0e52', 'La Rioja', '2021-01-28 21:27:06'),
('3addf080-28ff-4d1b-b13c-3768eb8ed579', 'Tierra del Fuego', '2021-02-01 19:19:03'),
('41631d13-d6bc-4831-893e-2ac864ed652e', 'San Luis', '2021-02-01 19:20:53'),
('50fa3e6a-5239-4438-91b0-3bc712f75e04', 'Jujuy', '2021-02-01 19:16:29'),
('58b854e1-4968-48f9-b00a-d20190887044', 'Rio Negro', '2021-02-01 19:17:52'),
('5db330ef-efac-46ee-8370-99e138aa73f1', 'Salta', '2021-02-01 19:18:02'),
('886d27a0-6491-44ff-8587-243781457290', 'Misiones', '2021-02-01 19:17:13'),
('95769492-046f-45a7-b973-2098fc82e02c', 'Chaco', '2021-02-01 19:14:44'),
('987d5208-4743-4be9-a46f-b3ef84d567c2', 'Corrientes', '2021-02-01 19:15:43'),
('99b05134-1290-48e2-8345-9237635eaa00', 'Tucuman', '2021-02-01 19:19:10'),
('9c49a5d7-c6cf-4ef5-8f68-0ab9bdc4b9f3', 'Entre Rios', '2021-02-01 19:15:54'),
('9ccda7c7-89a1-4d5d-ab39-7d7c2ada15b6', 'Formosa', '2021-02-01 19:16:18'),
('a1b752f0-94fa-4aed-8c88-484434ea21a0', 'La Pampa', '2021-02-01 19:16:41'),
('b62439f3-ec3f-4e70-b358-e7a99628220c', 'Cordoba', '2021-02-01 19:15:32'),
('c932b340-0ef1-412b-978d-6dddda39956a', 'San Juan', '2021-02-01 19:18:09'),
('cf61689c-3881-47b5-ba63-4f542f7d8cae', 'Mendoza', '2021-02-01 19:17:07'),
('dc2f221e-f1a3-40b0-8494-338fb6846166', 'Catamarca', '2021-01-28 21:26:57'),
('f2c8bed8-19c3-4659-bae7-95e42cc77ccc', 'Chubut', '2021-02-01 19:14:54');

-- --------------------------------------------------------

--
-- Estructura de tabla para la tabla `district_entry_and_exit_of_vehicles_control`
--

CREATE TABLE `district_entry_and_exit_of_vehicles_control` (
  `id` char(36) NOT NULL,
  `licensePlate` varchar(100) NOT NULL,
  `vehicleBodyTypeId` char(36) NOT NULL,
  `vehicleMakerNameId` char(36) NOT NULL,
  `modelOfVehicleId` char(36) NOT NULL,
  `tripOriginId` char(36) NOT NULL,
  `tripDestinationId` char(36) NOT NULL,
  `reasonForTripId` char(36) NOT NULL,
  `trafficPoliceBoothId` char(36) NOT NULL,
  `createAt` datetime NOT NULL,
  `updateAt` datetime NOT NULL
) ENGINE=InnoDB DEFAULT CHARSET=utf8mb4;

-- --------------------------------------------------------

--
-- Estructura de tabla para la tabla `model_of_vehicle`
--

CREATE TABLE `model_of_vehicle` (
  `id` char(36) NOT NULL,
  `description` varchar(100) NOT NULL,
  `vehicle_make_name_id` char(36) NOT NULL,
  `createAt` datetime NOT NULL
) ENGINE=InnoDB DEFAULT CHARSET=utf8mb4;

--
-- Volcado de datos para la tabla `model_of_vehicle`
--

INSERT INTO `model_of_vehicle` (`id`, `description`, `vehicle_make_name_id`, `createAt`) VALUES
('00e606e5-f455-4d0a-84eb-07356b5ce211', 'F 612', 'abcbacc2-50c5-40fe-9000-b5e355e3c1d6', '2021-02-02 02:43:28'),
('03c0c73e-bf0a-4bab-92ff-8610146bc7ab', 'GLB 250', '43dba27b-7c86-44fa-8bde-1c516c7e865d', '2021-02-04 20:37:29'),
('04eac324-0877-4104-b1bf-7ab5425aefd0', 'CLC 230', '43dba27b-7c86-44fa-8bde-1c516c7e865d', '2021-02-04 20:32:37'),
('0646be59-09fb-4e7c-addc-915175833fa5', 'Q7', '0bdaf627-29b8-4e91-8692-de73e6895d66', '2021-02-01 20:09:46'),
('06590318-03f4-43f9-a15b-14bd65560b80', 'FiT', '7bb4a435-19d6-4396-82a2-abed558f1e76', '2021-02-04 19:42:52'),
('065fa723-b6b9-4573-ad60-537d3ccdc212', 'S3', 'b18a2705-3998-4714-b44a-c7c6fd2c8dd9', '2021-02-04 19:50:43'),
('0693d7a9-12f6-4cb4-a957-c3c3a7db9429', 'AMG GT s', '43dba27b-7c86-44fa-8bde-1c516c7e865d', '2021-02-04 20:40:42'),
('06db1d03-133d-47f8-82dc-01a3e5c1221e', '535', '9f9111d9-2f57-43c8-a4a5-8661511e3e0e', '2021-02-02 01:48:32'),
('08361483-0383-4e40-b380-606c724fa69c', 'CLS 63', '43dba27b-7c86-44fa-8bde-1c516c7e865d', '2021-02-04 20:33:44'),
('08ad278b-b257-482a-a840-dd09f9dee70c', 'SLS', '43dba27b-7c86-44fa-8bde-1c516c7e865d', '2021-02-04 20:42:26'),
('08b57c3f-aae0-43e7-afc4-c80b1edba8f5', 'Legend', '7bb4a435-19d6-4396-82a2-abed558f1e76', '2021-02-04 19:43:21'),
('08ca33d3-668d-4001-956f-bd18218c092d', 'Territory', '69c2661a-1184-49c6-a2d7-e48ec61dac50', '2021-02-04 18:54:55'),
('096617b9-266a-45be-b978-0900b6a24386', 'S 500', '43dba27b-7c86-44fa-8bde-1c516c7e865d', '2021-02-04 20:41:08'),
('09831975-3404-46be-8550-f52b049ac98b', 'Coupe', '78ddf6a2-1836-4536-ae40-af2044430199', '2021-02-04 19:44:46'),
('0a885e70-94c7-406f-a975-edc7c61cfe34', 'S10 Pick-Up', '65fd1c93-19c0-4569-aa36-78165b85eaf6', '2021-02-02 02:18:49'),
('0b122474-2410-4489-aa69-43eb75a3c643', 'C4 Cactus', '505db8d9-0092-4b85-b096-829f77b38204', '2021-02-02 02:25:39'),
('0c39f758-47ee-4a0f-a4ec-d72757bfb105', 'H2', '8390dee5-7ab8-4a22-a4a7-c82db9e6ee50', '2021-02-04 19:40:40'),
('0c538579-62cb-43e1-9048-36b76b3e92df', 'MD', 'ae521e16-09cd-4d9a-8dde-21acffffde75', '2021-02-02 02:10:17'),
('0de455da-b3f5-4bb6-874b-3d06a000b7c9', '528', '9f9111d9-2f57-43c8-a4a5-8661511e3e0e', '2021-02-02 01:47:46'),
('0df6fad2-8d7f-4b6e-a45b-f536248c5b92', 'Veracruz', '78ddf6a2-1836-4536-ae40-af2044430199', '2021-02-04 19:48:48'),
('10039bbf-51b2-4164-a1c2-53c39d697cd6', 'GLC 63', '43dba27b-7c86-44fa-8bde-1c516c7e865d', '2021-02-04 20:37:58'),
('106a9f5d-4508-4a83-b45c-14339d2b891d', 'C4 Grand Picasso', '505db8d9-0092-4b85-b096-829f77b38204', '2021-02-02 02:26:46'),
('107bc480-92f5-4012-ac66-f6e0681478ee', 'F 812', 'abcbacc2-50c5-40fe-9000-b5e355e3c1d6', '2021-02-02 02:43:40'),
('11913648-3900-48d7-8e1f-063fc555f12a', 'M240 i', '9f9111d9-2f57-43c8-a4a5-8661511e3e0e', '2021-02-02 01:53:44'),
('1191376c-4648-4840-9bb4-4d7a48d03e57', 'Astra', '65fd1c93-19c0-4569-aa36-78165b85eaf6', '2021-02-02 02:14:56'),
('122a4577-c5ac-4d31-9786-1cc7108d83e3', 'D20', '23b0578d-53ef-4e33-8654-c44921519e7e', '2021-02-01 20:12:53'),
('124f5d4d-c5c1-4abb-b5d2-7dcaeee6877d', 'X Type', '62be96dc-8f42-4a6b-83de-6dc06f9f91ca', '2021-02-04 19:53:27'),
('12550d1a-9240-4971-aca5-d010a18f0513', 'S Type', '62be96dc-8f42-4a6b-83de-6dc06f9f91ca', '2021-02-04 19:52:24'),
('127f4ee7-584c-4552-a8d7-5cc4102ea971', 'Giulia', '6dcc52f6-65a9-4024-ae59-18502292bae3', '2021-02-01 20:02:24'),
('136d695f-4fca-446e-a3a8-4e4a7ada88b4', 'X6', '9f9111d9-2f57-43c8-a4a5-8661511e3e0e', '2021-02-02 01:55:10'),
('1437348d-031a-4573-977e-e94770435258', 'Patriot', '590345e7-2f29-4fd7-9792-689c549781e2', '2021-02-04 19:55:46'),
('15042f34-170e-49d6-8a8f-59e7135ce094', 'C4 Lounge', '505db8d9-0092-4b85-b096-829f77b38204', '2021-02-02 02:25:57'),
('16118fbb-6c8b-4b33-b5d1-38632eb452f0', '530 i', '9f9111d9-2f57-43c8-a4a5-8661511e3e0e', '2021-02-02 01:48:10'),
('1845dd9f-b733-48da-b806-18b4785d176d', 'KA Freestyle', '69c2661a-1184-49c6-a2d7-e48ec61dac50', '2021-02-04 18:52:28'),
('184b1b45-2948-46b1-97ef-cd7d260c6e81', 'A 250', '43dba27b-7c86-44fa-8bde-1c516c7e865d', '2021-02-04 20:27:26'),
('18d2574f-4e1d-43ae-9dc0-e53d811092e3', 'Tunland Pick-Up', '06078773-492f-4301-95cc-cb542716c499', '2021-02-04 19:35:39'),
('18fb6671-497c-43cf-8291-1936e8d0f61d', 'B 180', '43dba27b-7c86-44fa-8bde-1c516c7e865d', '2021-02-04 20:27:57'),
('197e1cb8-6b6f-4d33-bec6-923c46739aa9', 'Uno', '8a13a965-56a2-4f5d-9dfa-e4370a61de05', '2021-02-02 02:53:48'),
('1a9ddc7c-1e5b-4435-81c3-8bb0a18b3209', 'Wrangler', '590345e7-2f29-4fd7-9792-689c549781e2', '2021-02-04 19:56:19'),
('1af20177-015c-4fcc-ab9b-3c1c6baa3b58', 'XK', '62be96dc-8f42-4a6b-83de-6dc06f9f91ca', '2021-02-04 19:53:11'),
('1b0e0653-5e2c-466b-8d8f-a1ac564a804e', '500', '8a13a965-56a2-4f5d-9dfa-e4370a61de05', '2021-02-02 02:49:41'),
('1dc5ec6c-9912-442a-892a-ffe4f529f27d', 'Coupe', '4969df58-aeb8-4e15-9088-f8f70675d960', '2021-02-04 20:14:44'),
('1ea9381c-6188-44fe-a90a-adb40763b75c', 'E 250', '43dba27b-7c86-44fa-8bde-1c516c7e865d', '2021-02-04 20:34:47'),
('1f3a351e-f376-4116-8717-f1a3c89e1a22', 'X50', '91aad5a3-1a6f-43f5-a129-68cbfa9c0a40', '2021-02-04 20:13:17'),
('2025fc1d-2964-4e15-84fd-8de9f884fc98', 'E 63', '43dba27b-7c86-44fa-8bde-1c516c7e865d', '2021-02-04 20:34:17'),
('216ce0ac-6215-4849-980c-cb7edb3a97fa', '650', '9f9111d9-2f57-43c8-a4a5-8661511e3e0e', '2021-02-02 01:50:34'),
('23aa4e15-c942-4766-a4c6-01b55580f3ff', 'C5 Aircross', '505db8d9-0092-4b85-b096-829f77b38204', '2021-02-02 02:28:13'),
('23d57fe7-2adc-4ec1-9ff5-26e7c93cd53b', 'Wingle 6 Pick-Up', 'f092628f-8c38-44cb-a6cd-157fcece1692', '2021-02-04 19:39:45'),
('26fdd3c9-a270-43eb-96bd-71b200afee36', 'WR-V', '7bb4a435-19d6-4396-82a2-abed558f1e76', '2021-02-04 19:43:51'),
('28c5201f-d53d-4b6c-9d73-0938075fd0a6', 'Quatroporte', '4969df58-aeb8-4e15-9088-f8f70675d960', '2021-02-04 20:15:42'),
('2919f133-1ce4-45df-8f1c-6ef328218235', 'Carnival', 'fd489104-ff31-464c-82d7-802d3414977e', '2021-02-04 20:00:07'),
('294432a1-e34a-4e82-90cd-0bd24bde3904', 'Focus Kinetic', '69c2661a-1184-49c6-a2d7-e48ec61dac50', '2021-02-04 18:51:30'),
('2958cbf2-2d53-4e71-a41e-ab9143e4e540', 'Kuga', '69c2661a-1184-49c6-a2d7-e48ec61dac50', '2021-02-04 18:52:38'),
('2b23a790-3850-4b1f-8214-b09eb2c5afd7', 'GT', '6dcc52f6-65a9-4024-ae59-18502292bae3', '2021-02-01 20:02:52'),
('2b86a966-9168-4461-b2e5-7c4a149ca0e8', 'R8', '0bdaf627-29b8-4e91-8692-de73e6895d66', '2021-02-01 20:10:23'),
('2b8d4fbe-7b88-4905-987d-cdc0536d9f52', 'A 45', '43dba27b-7c86-44fa-8bde-1c516c7e865d', '2021-02-04 20:27:00'),
('2c5c9804-24d9-45de-92cc-e1aa1e91de2b', 'X 70', '49094d27-19eb-47f5-8a86-a71a04f4fdb3', '2021-02-04 19:56:38'),
('2ded6258-a258-4cab-88e9-4d1b69c92dea', 'Q2', '0bdaf627-29b8-4e91-8692-de73e6895d66', '2021-02-01 20:09:02'),
('2fa01d24-d163-43a9-95be-70ac5748bdd2', 'Gran Turismo', '4969df58-aeb8-4e15-9088-f8f70675d960', '2021-02-04 20:15:20'),
('302dcf25-85f7-4385-8969-47cd49c47d17', 'Q8', '0bdaf627-29b8-4e91-8692-de73e6895d66', '2021-02-01 20:10:00'),
('30817f97-e0fa-4e3d-9574-dba3cdf875ae', '650 i', '9f9111d9-2f57-43c8-a4a5-8661511e3e0e', '2021-02-02 01:50:47'),
('30d2c933-a73a-4400-b54d-d4e055e64738', 'Trajet', '78ddf6a2-1836-4536-ae40-af2044430199', '2021-02-04 19:48:09'),
('30e6098c-689a-46c5-84c6-9eb542613324', '118', '9f9111d9-2f57-43c8-a4a5-8661511e3e0e', '2021-02-02 01:41:53'),
('3201f6da-6c63-445b-9fe4-67ec2e4582fa', 'Doblo Cargo', '8a13a965-56a2-4f5d-9dfa-e4370a61de05', '2021-02-02 02:50:55'),
('32790d60-bc90-4b7f-a7f6-d6193a49fa5d', 'Ghibili', '4969df58-aeb8-4e15-9088-f8f70675d960', '2021-02-04 20:14:54'),
('330fe645-da27-4836-86ce-07e13ec33c79', 'CLK 500', '43dba27b-7c86-44fa-8bde-1c516c7e865d', '2021-02-04 20:33:32'),
('33543e53-ad63-4c7d-925a-88f5a3951a77', 'GLC 300', '43dba27b-7c86-44fa-8bde-1c516c7e865d', '2021-02-04 20:38:10'),
('338a1cad-2412-4b7b-a697-b22018678d0b', 'Vito 119', '43dba27b-7c86-44fa-8bde-1c516c7e865d', '2021-02-04 20:43:20'),
('33bf4fda-9685-415f-804c-70c16ec6279b', 'X25 Crossover', '23b0578d-53ef-4e33-8654-c44921519e7e', '2021-02-01 20:14:12'),
('349f24f0-b800-41ac-b7d1-399eedd673de', '330', '9f9111d9-2f57-43c8-a4a5-8661511e3e0e', '2021-02-02 01:45:58'),
('350f8932-597c-47c8-870b-562200b1346e', 'X2', '9f9111d9-2f57-43c8-a4a5-8661511e3e0e', '2021-02-02 01:54:30'),
('356b213b-efb9-4af3-8894-5621a53dc218', '3', 'daa80474-e65b-4f27-bcc0-2a67fa0ccd86', '2021-02-02 02:35:26'),
('356fad86-b375-447b-9c7a-fb258930b365', 'CLA 45', '43dba27b-7c86-44fa-8bde-1c516c7e865d', '2021-02-04 20:31:51'),
('35c0e7e1-e184-4c70-8226-b3de7aac03ae', 'Cherokee Grand', '590345e7-2f29-4fd7-9792-689c549781e2', '2021-02-04 19:55:21'),
('3617163b-620c-40df-8791-7677ec883dcf', 'KA +', '69c2661a-1184-49c6-a2d7-e48ec61dac50', '2021-02-04 18:51:59'),
('36239562-c52d-4ef6-927d-0d30ce91283f', 'AMG GT R', '43dba27b-7c86-44fa-8bde-1c516c7e865d', '2021-02-04 20:40:32'),
('38a0d600-56e2-4b50-86f0-6a58e00f45f5', 'C3', '505db8d9-0092-4b85-b096-829f77b38204', '2021-02-02 02:24:16'),
('39c26e6f-92b3-4fe4-9a50-9161aaf0c4d1', 'M1', '9f9111d9-2f57-43c8-a4a5-8661511e3e0e', '2021-02-02 01:51:40'),
('3a3dda6a-417c-48fa-b078-5ed4dceee7b3', 'C4 Spacetourer', '505db8d9-0092-4b85-b096-829f77b38204', '2021-02-02 02:27:18'),
('3b169db8-2ead-43fc-91c0-7fa4bffd375c', 'X3', '9f9111d9-2f57-43c8-a4a5-8661511e3e0e', '2021-02-02 01:54:42'),
('3b1f6667-412b-4298-ae9b-6c847ac83603', '320', '9f9111d9-2f57-43c8-a4a5-8661511e3e0e', '2021-02-02 01:44:37'),
('3b483b8c-6848-4da5-a5e4-0902c61590ac', 'Atos', '78ddf6a2-1836-4536-ae40-af2044430199', '2021-02-04 19:44:35'),
('3c81f38b-719e-47ca-b7ac-b5c84aa87e8f', 'X7', '9f9111d9-2f57-43c8-a4a5-8661511e3e0e', '2021-02-02 01:55:19'),
('3d8deb5b-1367-4f1b-8ca9-68ed23b3ef65', 'E-Tron', '0bdaf627-29b8-4e91-8692-de73e6895d66', '2021-02-01 20:08:46'),
('3e233ced-830a-4300-bfe2-6695aef2adcd', 'M', 'ae521e16-09cd-4d9a-8dde-21acffffde75', '2021-02-02 02:10:10'),
('3e674f8f-9b50-4de0-931b-17c30f650855', 'IS', '889d2ea9-d0db-4c47-9ba7-3614c36fb9ec', '2021-02-04 20:08:35'),
('3ef26a33-d6a2-47d2-815f-2f52292803e7', 'Meriva', '65fd1c93-19c0-4569-aa36-78165b85eaf6', '2021-02-02 02:17:19'),
('3f0a5433-60ac-450c-af49-9a8e7e982b7c', 'Range Rover SE Vogue', '19aec273-ec59-4a34-aca6-9cd37b5d5cef', '2021-02-04 20:06:53'),
('409281ff-85c5-4b09-aaee-6366d9021a1a', 'Rio', 'fd489104-ff31-464c-82d7-802d3414977e', '2021-02-04 20:01:40'),
('40adacd2-8e6c-4ef4-a602-667893859f4f', 'AMG GT c', '43dba27b-7c86-44fa-8bde-1c516c7e865d', '2021-02-04 20:40:05'),
('40cfbe65-fcad-4603-b825-51ab3889b80f', 'Fiesta Kinetic', '69c2661a-1184-49c6-a2d7-e48ec61dac50', '2021-02-04 18:50:59'),
('40efaa97-d51d-484f-9221-cdae2b4c0dfc', 'Onix', '65fd1c93-19c0-4569-aa36-78165b85eaf6', '2021-02-02 02:17:50'),
('418364fe-db3b-4335-9038-f780f05ab365', 'Sorento', 'fd489104-ff31-464c-82d7-802d3414977e', '2021-02-04 20:02:21'),
('425e7e01-ff06-43b5-a8fc-76a416b8101e', 'Brera', '6dcc52f6-65a9-4024-ae59-18502292bae3', '2021-02-01 20:02:08'),
('42af9aa1-759e-46cc-bb01-52bf1e36b076', '640 i', '9f9111d9-2f57-43c8-a4a5-8661511e3e0e', '2021-02-02 01:50:08'),
('42cc17c2-d4c6-46f9-ac0a-a1322392b127', 'ES', '889d2ea9-d0db-4c47-9ba7-3614c36fb9ec', '2021-02-04 20:08:07'),
('4456b77d-3802-4e60-828b-1ad776ea6063', 'Classic', '65fd1c93-19c0-4569-aa36-78165b85eaf6', '2021-02-02 02:16:05'),
('446c56d2-c626-45ca-a18f-43b33ea7cc05', '335', '9f9111d9-2f57-43c8-a4a5-8661511e3e0e', '2021-02-02 01:46:05'),
('4486c13b-0487-4ee0-b990-11295e2bce11', 'Renegade', '590345e7-2f29-4fd7-9792-689c549781e2', '2021-02-04 19:56:02'),
('45b49692-d247-4606-85cd-0c16b990ce13', 'Ecosport Kinetic', '69c2661a-1184-49c6-a2d7-e48ec61dac50', '2021-02-04 18:49:28'),
('46d4ff0b-57c9-4b47-8ca4-99dbc4bac4a5', 'A 200', '43dba27b-7c86-44fa-8bde-1c516c7e865d', '2021-02-04 20:27:13'),
('476fe64e-cf79-4095-9b01-1a98da1c7627', 'Spark', '65fd1c93-19c0-4569-aa36-78165b85eaf6', '2021-02-02 02:19:09'),
('47b92a64-5b23-4cd1-ba86-f81326e21c93', 'RX', '889d2ea9-d0db-4c47-9ba7-3614c36fb9ec', '2021-02-04 20:11:47'),
('49407737-34ff-4682-b311-993aed3fe05e', 'LX', '889d2ea9-d0db-4c47-9ba7-3614c36fb9ec', '2021-02-04 20:11:10'),
('49d4aa73-340f-4ba6-ab21-7d83f17b9867', 'EX 260 Crossover Electric', '23b0578d-53ef-4e33-8654-c44921519e7e', '2021-02-01 20:13:12'),
('4ac80047-2b7a-4b25-97cc-19a57eeded67', 'Zafira', '65fd1c93-19c0-4569-aa36-78165b85eaf6', '2021-02-02 02:20:01'),
('4b16b6ce-8255-420c-9ddc-06f1c1644f25', 'X70', '91aad5a3-1a6f-43f5-a129-68cbfa9c0a40', '2021-02-04 20:13:35'),
('4f4359b2-806f-402a-9619-5fad1dab1d2f', '530', '9f9111d9-2f57-43c8-a4a5-8661511e3e0e', '2021-02-02 01:47:57'),
('5268b0ff-8769-4c1d-8f80-8612884ca175', 'Skin', '7f98d438-5a70-4752-839c-e5c8efa657e9', '2021-02-02 02:13:33'),
('53adf044-0a33-486a-8ae6-17706ef4d71f', 'CLS 350', '43dba27b-7c86-44fa-8bde-1c516c7e865d', '2021-02-04 20:33:54'),
('53afe578-8758-47ec-8b59-9141b89c5722', 'M3', '9f9111d9-2f57-43c8-a4a5-8661511e3e0e', '2021-02-02 01:51:58'),
('549f1d0a-1a34-422e-b261-3dbcbfb5ae8a', 'RS4', '0bdaf627-29b8-4e91-8692-de73e6895d66', '2021-02-01 20:10:57'),
('54d8e372-4ba8-4fac-b477-1f707e3b3658', 'Emgrand 7', '1cef28af-80ad-4d6f-b0ec-d73a360e048a', '2021-02-04 19:36:38'),
('54ebf0b4-54d3-4aa9-ab90-390943b59651', 'Face', '7f98d438-5a70-4752-839c-e5c8efa657e9', '2021-02-02 02:13:19'),
('54ec7a7a-367f-4d84-ba3e-716fffc88dec', 'Punto', '8a13a965-56a2-4f5d-9dfa-e4370a61de05', '2021-02-02 02:52:44'),
('56ab7f3c-7124-4ce5-b29f-677f7f97e420', 'F-100 Pick-Up', '69c2661a-1184-49c6-a2d7-e48ec61dac50', '2021-02-04 18:49:56'),
('56b91ac0-6881-4a3c-a47a-3c644198d643', 'Compass', '590345e7-2f29-4fd7-9792-689c549781e2', '2021-02-04 19:55:33'),
('57d12167-f51e-4cf8-9404-b79caea52f14', 'Montana Pick-Up', '65fd1c93-19c0-4569-aa36-78165b85eaf6', '2021-02-02 02:17:41'),
('598fb1c2-9748-408a-919b-31f71ef5e367', 'Grand i 10', '78ddf6a2-1836-4536-ae40-af2044430199', '2021-02-04 19:45:26'),
('59d91b71-f794-4b1d-ac0e-df0878e52f17', 'Spider', '6dcc52f6-65a9-4024-ae59-18502292bae3', '2021-02-01 20:03:21'),
('5a106325-8635-4eef-8648-a816ae37260b', 'GLA 200', '43dba27b-7c86-44fa-8bde-1c516c7e865d', '2021-02-04 20:37:07'),
('5ae0a781-d4ef-460a-8e45-4c469564aca0', 'M2', '9f9111d9-2f57-43c8-a4a5-8661511e3e0e', '2021-02-02 01:51:50'),
('5ba67130-1611-4e94-a609-d692e2cfe002', 'M6', '9f9111d9-2f57-43c8-a4a5-8661511e3e0e', '2021-02-02 01:52:26'),
('5c444307-fc10-493d-973d-4c6de2429ae2', 'Caravan', '7949582d-e2a2-49bd-9845-dace8aadafc2', '2021-02-02 02:21:54'),
('5d5114ee-958f-4452-a33f-3da4146b4132', '440 i', '9f9111d9-2f57-43c8-a4a5-8661511e3e0e', '2021-02-02 01:47:17'),
('5d735ac4-67ba-484e-870d-dec25513f524', 'X35 Crossover', '23b0578d-53ef-4e33-8654-c44921519e7e', '2021-02-01 20:14:30'),
('5d79a20c-a557-44e8-b056-e04c819cdd54', 'CLC 350', '43dba27b-7c86-44fa-8bde-1c516c7e865d', '2021-02-04 20:33:07'),
('5dcffc73-adf1-4268-9e8a-ee88cc136aec', 'M7', '91aad5a3-1a6f-43f5-a129-68cbfa9c0a40', '2021-02-04 20:13:03'),
('5ddc272d-76cf-4559-9723-c6dc9d96c309', 'Vectra', '65fd1c93-19c0-4569-aa36-78165b85eaf6', '2021-02-02 02:19:51'),
('5f25edae-5789-4d45-92ce-017a162d90dc', 'E 350', '43dba27b-7c86-44fa-8bde-1c516c7e865d', '2021-02-04 20:35:35'),
('60a480fb-d580-4659-b561-8792234a34ee', 'Trailblazer', '65fd1c93-19c0-4569-aa36-78165b85eaf6', '2021-02-02 02:19:41'),
('6165179d-e57b-4cb2-af2a-d18c7c653e6b', 'Argo', '8a13a965-56a2-4f5d-9dfa-e4370a61de05', '2021-02-02 02:50:15'),
('6349a841-60d0-470b-bf39-ed47b756acf4', 'Emgrand X7', '1cef28af-80ad-4d6f-b0ec-d73a360e048a', '2021-02-04 19:37:31'),
('63751739-0c5d-4ed6-8e31-8470f487609c', 'M340 i', '9f9111d9-2f57-43c8-a4a5-8661511e3e0e', '2021-02-02 01:53:59'),
('63aace8a-3f9b-4aca-a68f-38f9ca4b6620', 'A 35', '43dba27b-7c86-44fa-8bde-1c516c7e865d', '2021-02-04 20:26:45'),
('63f8209d-04d2-4c37-ac7b-301171d00b44', '328', '9f9111d9-2f57-43c8-a4a5-8661511e3e0e', '2021-02-02 01:45:50'),
('64d786ea-4597-497a-a44a-1921ffb92445', '135', '9f9111d9-2f57-43c8-a4a5-8661511e3e0e', '2021-02-02 01:42:49'),
('65a3b28e-0bbc-49ba-a042-114debdc3d99', 'SLC 43', '43dba27b-7c86-44fa-8bde-1c516c7e865d', '2021-02-04 20:41:51'),
('65a3ea27-e0b0-4513-ba13-7dcadc65f697', 'KA', '69c2661a-1184-49c6-a2d7-e48ec61dac50', '2021-02-04 18:51:46'),
('65fb0521-c624-48b2-852f-136e4cb2ed2d', 'C3 Aircross', '505db8d9-0092-4b85-b096-829f77b38204', '2021-02-02 02:24:29'),
('66407674-a3f5-4328-a0c5-be351f245787', 'Discovery', '19aec273-ec59-4a34-aca6-9cd37b5d5cef', '2021-02-04 20:05:45'),
('664eff85-c92b-43bd-a420-106f191bad7f', 'CS75', 'ae521e16-09cd-4d9a-8dde-21acffffde75', '2021-02-02 02:10:00'),
('6667f6ec-70d7-425c-8ad5-1e4b859e2869', 'Focus', '69c2661a-1184-49c6-a2d7-e48ec61dac50', '2021-02-04 18:51:10'),
('66969fef-5b91-4bdc-aafa-ebf1ac67e0e6', 'SL 65', '43dba27b-7c86-44fa-8bde-1c516c7e865d', '2021-02-04 20:41:30'),
('673cd9f9-4185-4a4c-b7de-e7d193c70fdf', 'S', '0bdaf627-29b8-4e91-8692-de73e6895d66', '2021-02-01 20:12:25'),
('675787ba-8ab7-4ef6-8b69-46d19b092c60', 'Santa Fe', '78ddf6a2-1836-4536-ae40-af2044430199', '2021-02-04 19:47:47'),
('677f6738-1deb-41da-bbe1-674b3c8df539', 'Veloster', '78ddf6a2-1836-4536-ae40-af2044430199', '2021-02-04 19:48:33'),
('678c300e-923d-43d2-8b16-292d4545b10e', '147', '6dcc52f6-65a9-4024-ae59-18502292bae3', '2021-02-01 20:01:26'),
('6987866a-0c41-4fb2-a07c-3ef87d94bf49', 'H 350', '78ddf6a2-1836-4536-ae40-af2044430199', '2021-02-04 19:46:26'),
('69ca5385-9099-496a-80ea-6e095188c8ac', 'M5', '9f9111d9-2f57-43c8-a4a5-8661511e3e0e', '2021-02-02 01:52:13'),
('69dff70d-d4fb-4a3b-9c33-c7a28efc6ea0', 'E 500', '43dba27b-7c86-44fa-8bde-1c516c7e865d', '2021-02-04 20:36:14'),
('6ad88ba4-9281-4c0d-9049-7884ee836641', 'Mobi', '8a13a965-56a2-4f5d-9dfa-e4370a61de05', '2021-02-02 02:52:27'),
('6b0cce9a-d2af-408f-9988-1510c0b2cc59', 'Marea', '8a13a965-56a2-4f5d-9dfa-e4370a61de05', '2021-02-02 02:52:19'),
('6b948dde-5b8c-46bf-9bf3-8b70507c6e5a', 'B 170', '43dba27b-7c86-44fa-8bde-1c516c7e865d', '2021-02-04 20:27:40'),
('6c58ea0e-aca5-4576-b47a-4eec4b83ad90', 'Q5', '0bdaf627-29b8-4e91-8692-de73e6895d66', '2021-02-01 20:09:30'),
('6cd5aab0-7880-4e05-b3cb-970953aefbee', 'Serie K', '38da68fb-8811-4c52-bf1d-c29323f7f2ce', '2021-02-02 02:35:00'),
('6cfa1c00-ccb2-4aa7-a1a2-7da0fef0800b', '500 X', '8a13a965-56a2-4f5d-9dfa-e4370a61de05', '2021-02-02 02:50:00'),
('6e3ddcf8-0de3-4b35-b429-58d3de92f7fd', 'E 220d', '43dba27b-7c86-44fa-8bde-1c516c7e865d', '2021-02-04 20:34:28'),
('6e8e0e8a-ffa9-4c3d-a585-ee1125786505', 'View CS2', '06078773-492f-4301-95cc-cb542716c499', '2021-02-04 19:35:57'),
('6f8df7aa-0b26-4eed-ae5d-41f4f0cd0824', 'A1', '0bdaf627-29b8-4e91-8692-de73e6895d66', '2021-02-01 20:06:13'),
('6ffc91cb-7bd0-48a5-bf90-1ab3b0c3968b', 'Strada Pick-Up', '8a13a965-56a2-4f5d-9dfa-e4370a61de05', '2021-02-02 02:53:42'),
('7131c9a0-c802-43d1-a95e-5e18679097e3', '745', '9f9111d9-2f57-43c8-a4a5-8661511e3e0e', '2021-02-02 01:51:10'),
('71d425ba-af0d-4a1a-aa22-69df2985ae2c', 'GLE 400', '43dba27b-7c86-44fa-8bde-1c516c7e865d', '2021-02-04 20:39:00'),
('7278d473-5d97-4427-aac5-bf15c335a368', 'Sprinter', '43dba27b-7c86-44fa-8bde-1c516c7e865d', '2021-02-04 20:42:36'),
('7328da22-e492-4160-9cc1-c4651ae66d40', 'Tucson', '78ddf6a2-1836-4536-ae40-af2044430199', '2021-02-04 19:48:21'),
('736ad619-6b69-4371-94d4-943f5d86f24a', 'Bravo', '8a13a965-56a2-4f5d-9dfa-e4370a61de05', '2021-02-02 02:50:23'),
('73fdd3ba-d795-40de-bd75-3ef40cd8ad38', 'City', '7bb4a435-19d6-4396-82a2-abed558f1e76', '2021-02-04 19:41:30'),
('74f59acd-8815-4f5b-bbfb-2c4cf10ca78c', 'XE', '62be96dc-8f42-4a6b-83de-6dc06f9f91ca', '2021-02-04 19:52:37'),
('7555d72c-3069-44f8-a447-11fdfdded2a1', 'NX', '889d2ea9-d0db-4c47-9ba7-3614c36fb9ec', '2021-02-04 20:11:22'),
('7607c090-c272-42e6-9bd2-51f85050deb1', 'Fiesta', '69c2661a-1184-49c6-a2d7-e48ec61dac50', '2021-02-04 18:50:46'),
('770b08fd-0a19-4aab-a6e5-ee6de69dc2c0', 'CR-V', '7bb4a435-19d6-4396-82a2-abed558f1e76', '2021-02-04 19:41:47'),
('77b1c1ac-4a41-44db-9a6a-c8551fedfb18', 'CLA 250', '43dba27b-7c86-44fa-8bde-1c516c7e865d', '2021-02-04 20:32:18'),
('7817546e-346a-4575-b8aa-68875917c423', 'Range Rover Velar', '19aec273-ec59-4a34-aca6-9cd37b5d5cef', '2021-02-04 20:07:08'),
('787d308d-909f-4ffc-b40a-ef17217166c5', 'F Pace', '62be96dc-8f42-4a6b-83de-6dc06f9f91ca', '2021-02-04 19:51:54'),
('795fe958-9456-4cd5-8e30-fa732f8ff2ef', 'Evoque', '19aec273-ec59-4a34-aca6-9cd37b5d5cef', '2021-02-04 20:05:57'),
('7a5e79fb-e23d-4919-84b3-34740825193b', 'Transit', '69c2661a-1184-49c6-a2d7-e48ec61dac50', '2021-02-04 18:55:09'),
('7a7f6466-9523-4d89-86f2-0c7bd6a0016a', 'Emgrand GS', '1cef28af-80ad-4d6f-b0ec-d73a360e048a', '2021-02-04 19:37:15'),
('7b595149-88b8-4857-9661-6db1435847a7', 'C 300', '43dba27b-7c86-44fa-8bde-1c516c7e865d', '2021-02-04 20:30:47'),
('7b75a11d-693e-48a1-95bd-e7a8524c5fc7', 'Magentis', 'fd489104-ff31-464c-82d7-802d3414977e', '2021-02-04 20:00:51'),
('7c48119a-0f03-4524-9e2f-b0871dcddea0', 'Crossfire', '7949582d-e2a2-49bd-9845-dace8aadafc2', '2021-02-02 02:22:04'),
('7ca641bc-7f98-46e3-a692-393463c31bb2', 'Seltos', 'fd489104-ff31-464c-82d7-802d3414977e', '2021-02-04 20:02:08'),
('7d51839b-76ef-4f2d-a2c1-270793d1723a', 'Spacetourer', '505db8d9-0092-4b85-b096-829f77b38204', '2021-02-02 02:30:28'),
('7e2489bb-2fd8-423b-a883-23168855d6df', 'GLE 450', '43dba27b-7c86-44fa-8bde-1c516c7e865d', '2021-02-04 20:39:11'),
('7f7ab0e2-ca67-4cd0-bafb-8c8271106df6', 'Sonic', '65fd1c93-19c0-4569-aa36-78165b85eaf6', '2021-02-02 02:19:00'),
('7f7ec88e-cd08-4513-be56-4803d29ba7b5', '3 Crossback', 'daa80474-e65b-4f27-bcc0-2a67fa0ccd86', '2021-02-02 02:35:41'),
('7fcbec5c-a5c7-4575-905b-1f9ef9eee423', 'Ioniq', '78ddf6a2-1836-4536-ae40-af2044430199', '2021-02-04 19:47:20'),
('80222bcf-52c7-4bbc-8475-cd6024f3cba9', '545', '9f9111d9-2f57-43c8-a4a5-8661511e3e0e', '2021-02-02 01:49:07'),
('8040f59d-f936-4eff-8ee7-38e29ac4b3dc', 'C 43', '43dba27b-7c86-44fa-8bde-1c516c7e865d', '2021-02-04 20:28:21'),
('80c8379f-fc37-47ff-859e-d251adb8eb8b', 'GLE 63 S', '43dba27b-7c86-44fa-8bde-1c516c7e865d', '2021-02-04 20:38:41'),
('80fb2141-43ec-4a8d-884f-aff9286d578a', 'C3 Picasso', '505db8d9-0092-4b85-b096-829f77b38204', '2021-02-02 02:24:47'),
('814458b5-ef49-4e20-bb3d-40a992e8121b', 'Linea', '8a13a965-56a2-4f5d-9dfa-e4370a61de05', '2021-02-02 02:52:08'),
('81665a05-18c7-4f39-930a-b29459d65edc', 'Blazer', '65fd1c93-19c0-4569-aa36-78165b85eaf6', '2021-02-02 02:15:23'),
('8252ba29-dfcc-4445-82b3-f722f38337a6', '125', '9f9111d9-2f57-43c8-a4a5-8661511e3e0e', '2021-02-02 01:42:14'),
('82aa113a-afc7-4b31-b07e-25bd36627e2f', 'GLS 500', '43dba27b-7c86-44fa-8bde-1c516c7e865d', '2021-02-04 20:39:54'),
('84057c8c-0a65-442a-97f3-fa110a487539', 'M140 i', '9f9111d9-2f57-43c8-a4a5-8661511e3e0e', '2021-02-02 01:53:25'),
('84137ef6-d6d6-4b49-9c71-c12c1009f6f9', 'Sportage', 'fd489104-ff31-464c-82d7-802d3414977e', '2021-02-04 20:02:44'),
('849f5aae-f37e-4d6c-8716-153fe362088c', 'RS5', '0bdaf627-29b8-4e91-8692-de73e6895d66', '2021-02-01 20:11:11'),
('84e28a7b-1339-454c-ae78-fedac2cb21fc', 'E 400', '43dba27b-7c86-44fa-8bde-1c516c7e865d', '2021-02-04 20:35:48'),
('8507884e-e20b-40ba-92fc-820d411e5d49', 'Pilot', '7bb4a435-19d6-4396-82a2-abed558f1e76', '2021-02-04 19:43:38'),
('8519a284-7073-4868-9ae4-c393b8b69a9c', 'A3', '0bdaf627-29b8-4e91-8692-de73e6895d66', '2021-02-01 20:06:58'),
('8612ce97-e5dd-4309-9789-c46e490a6264', 'Senova Elite', '23b0578d-53ef-4e33-8654-c44921519e7e', '2021-02-01 20:13:55'),
('8656c1a8-a6ff-4ed0-82df-0d9fd701d9fb', 'Town & Country', '7949582d-e2a2-49bd-9845-dace8aadafc2', '2021-02-02 02:22:41'),
('86c2fb7f-caa9-43fa-8b11-a925395fe304', '116', '9f9111d9-2f57-43c8-a4a5-8661511e3e0e', '2021-02-02 01:41:36'),
('86cd0469-c225-42d4-a709-bff179d3eabd', 'Mamut', 'e1894462-57d9-429b-996e-28fbada17993', '2021-02-04 20:03:10'),
('8700bf9c-6cf6-48b5-9314-b56af369a40f', '750', '9f9111d9-2f57-43c8-a4a5-8661511e3e0e', '2021-02-02 01:51:18'),
('8750e616-708f-4fcc-882a-12828209f3cd', 'Cronos', '8a13a965-56a2-4f5d-9dfa-e4370a61de05', '2021-02-02 02:50:31'),
('890b4e4d-762d-4604-af6d-e457f0b3fa30', 'i 30', '78ddf6a2-1836-4536-ae40-af2044430199', '2021-02-04 19:47:00'),
('8929e1d4-0038-4f35-834b-df7e0428e72a', 'Doblo', '8a13a965-56a2-4f5d-9dfa-e4370a61de05', '2021-02-02 02:50:41'),
('89a82019-8c3c-44a2-bf82-811b945fb382', 'M135 i', '9f9111d9-2f57-43c8-a4a5-8661511e3e0e', '2021-02-02 01:53:00'),
('8addd15a-1023-4046-a106-efd2c073e424', 'Siena', '8a13a965-56a2-4f5d-9dfa-e4370a61de05', '2021-02-02 02:53:09'),
('8b20af14-6243-451b-b0c1-8e1eba19f8b7', 'MiTo', '6dcc52f6-65a9-4024-ae59-18502292bae3', '2021-02-01 20:03:05'),
('8be3fd6f-3409-42cf-a92d-345131827159', '147', '8a13a965-56a2-4f5d-9dfa-e4370a61de05', '2021-02-02 23:19:23'),
('8c5a5750-ad25-4e3f-9d93-5b809e785c6b', 'Cobalt', '65fd1c93-19c0-4569-aa36-78165b85eaf6', '2021-02-02 02:16:25'),
('8cb8cfd3-70c4-4d0d-b151-ad97fc298be0', 'C 320', '43dba27b-7c86-44fa-8bde-1c516c7e865d', '2021-02-04 20:31:01'),
('8d727b13-5fe9-46fd-bd10-0ba0d1fdf0b3', '500 L', '8a13a965-56a2-4f5d-9dfa-e4370a61de05', '2021-02-02 02:49:52'),
('8dcdc965-9fe4-48c8-86f5-9798a2efc880', 'PT Cruiser', '7949582d-e2a2-49bd-9845-dace8aadafc2', '2021-02-02 02:22:20'),
('8e53a17d-ed70-4b43-8858-f16f79b65883', 'GLK 300', '43dba27b-7c86-44fa-8bde-1c516c7e865d', '2021-02-04 20:39:38'),
('8f78f2a3-44b0-4257-9c10-7fbdee3fbc76', 'Cruze', '65fd1c93-19c0-4569-aa36-78165b85eaf6', '2021-02-02 02:16:42'),
('8ffeede6-6b55-453c-85fb-2c6492bed0eb', 'SL 63', '43dba27b-7c86-44fa-8bde-1c516c7e865d', '2021-02-04 20:41:19'),
('904a6904-3edb-4963-970e-fe0383ad5087', 'GLC 350e', '43dba27b-7c86-44fa-8bde-1c516c7e865d', '2021-02-04 20:38:22'),
('904d6227-1303-454f-9195-d2e81023daf9', 'M850 i', '9f9111d9-2f57-43c8-a4a5-8661511e3e0e', '2021-02-02 01:54:11'),
('90cedb44-ef63-4860-a219-53c0814201fe', 'Super America', 'abcbacc2-50c5-40fe-9000-b5e355e3c1d6', '2021-02-02 02:43:54'),
('914121d3-ec71-4f7e-925e-abe9538acd91', 'C4 Aircross', '505db8d9-0092-4b85-b096-829f77b38204', '2021-02-02 02:25:15'),
('9188a080-cc61-4a7c-83fe-97c92c21d7bd', '428 i', '9f9111d9-2f57-43c8-a4a5-8661511e3e0e', '2021-02-02 01:46:37'),
('919eb9a2-865e-4c6e-9def-f298e14d7982', 'XF', '62be96dc-8f42-4a6b-83de-6dc06f9f91ca', '2021-02-04 19:52:47'),
('92d6c212-7571-42f7-a5a3-bb5e9cec2f4d', 'Lecante', '4969df58-aeb8-4e15-9088-f8f70675d960', '2021-02-04 20:15:30'),
('93751984-3d6a-4a8b-8c9a-0c68ed64d04b', 'Courier', '69c2661a-1184-49c6-a2d7-e48ec61dac50', '2021-02-04 18:48:44'),
('93e48edc-5d7f-4b2c-b48c-25aab10941a5', '130', '9f9111d9-2f57-43c8-a4a5-8661511e3e0e', '2021-02-02 01:42:41'),
('94478e8c-028d-40d4-a29f-f5b94d89cabe', 'Fiorino Qubo', '8a13a965-56a2-4f5d-9dfa-e4370a61de05', '2021-02-02 02:51:37'),
('94f91473-5669-4771-948b-e4055ab56b34', 'C 400', '43dba27b-7c86-44fa-8bde-1c516c7e865d', '2021-02-04 20:31:37'),
('9683f38e-31db-4e0c-ab1e-21c9cdf34541', '750 i', '9f9111d9-2f57-43c8-a4a5-8661511e3e0e', '2021-02-02 01:51:26'),
('98264e23-87f9-427b-bc3f-1c01554e8385', '550', '9f9111d9-2f57-43c8-a4a5-8661511e3e0e', '2021-02-02 01:49:19'),
('98300165-6050-43c1-a9f2-3b9f4196b738', 'F-150 Pick-Up', '69c2661a-1184-49c6-a2d7-e48ec61dac50', '2021-02-04 18:50:34'),
('9a9bc366-2d80-4a20-b822-085128c02028', '159', '6dcc52f6-65a9-4024-ae59-18502292bae3', '2021-02-01 20:01:53'),
('9b82c4dc-4c70-4158-874d-cb036c758125', 'Vito 111', '43dba27b-7c86-44fa-8bde-1c516c7e865d', '2021-02-04 20:43:01'),
('9d88387f-4222-4e38-a43f-825b93e9c812', 'Wingle 5 Pick-Up', 'f092628f-8c38-44cb-a6cd-157fcece1692', '2021-02-04 19:39:29'),
('9ea17067-c795-429f-b056-5f42036b319d', 'GLC 43', '43dba27b-7c86-44fa-8bde-1c516c7e865d', '2021-02-04 20:37:41'),
('9f4635c4-23c9-44a0-bcb5-1875411832cd', 'Tiggo', '7f98d438-5a70-4752-839c-e5c8efa657e9', '2021-02-02 02:13:42'),
('9f7c8abd-e5b9-4f95-9062-e048535477e1', '525', '9f9111d9-2f57-43c8-a4a5-8661511e3e0e', '2021-02-02 01:47:32'),
('9fd9ac36-07de-4257-9efe-28a1b6790e74', 'Agile', '65fd1c93-19c0-4569-aa36-78165b85eaf6', '2021-02-02 02:14:43'),
('a017ad29-1d8f-4677-9fb2-f6011d636e06', 'RC', '889d2ea9-d0db-4c47-9ba7-3614c36fb9ec', '2021-02-04 20:11:37'),
('a0311143-36ae-41d2-ad08-38d193a1f2f4', 'GS', '889d2ea9-d0db-4c47-9ba7-3614c36fb9ec', '2021-02-04 20:08:17'),
('a14c3df9-385a-4982-8a04-beed18297e07', 'Freelander', '19aec273-ec59-4a34-aca6-9cd37b5d5cef', '2021-02-04 20:06:08'),
('a37a95d7-2a5d-4fe5-ae0b-f57f37e4b654', 'Exige', '44372c91-95ad-4797-b55e-dc12e0a7d003', '2021-02-04 20:14:21'),
('a41b8a42-76e7-4b9f-a830-1271abd230bc', 'Creta', '78ddf6a2-1836-4536-ae40-af2044430199', '2021-02-04 19:45:00'),
('a5389512-d3b8-4ab0-a759-02116243bc1c', 'GLA 250', '43dba27b-7c86-44fa-8bde-1c516c7e865d', '2021-02-04 20:37:19'),
('a5eded7c-a58e-40a5-b9a4-1b6cc6ec3f94', '320 i', '9f9111d9-2f57-43c8-a4a5-8661511e3e0e', '2021-02-02 01:44:46'),
('a690214a-ea83-4944-b0bf-436cdc638ea5', 'Kona', '78ddf6a2-1836-4536-ae40-af2044430199', '2021-02-04 19:47:33'),
('a694cad9-db79-47eb-9c13-9973b66bd657', 'A7', '0bdaf627-29b8-4e91-8692-de73e6895d66', '2021-02-01 20:07:46'),
('a6b5fd19-2e38-4226-9913-5ec305e61ef1', 'Foison', '91aad5a3-1a6f-43f5-a129-68cbfa9c0a40', '2021-02-04 20:12:34'),
('a7648dda-9c1c-4c73-bcba-5e106de237ee', '235 i', '9f9111d9-2f57-43c8-a4a5-8661511e3e0e', '2021-02-02 01:43:31'),
('a783a00d-ee45-492a-a726-d8fac248e03c', 'Aveo', '65fd1c93-19c0-4569-aa36-78165b85eaf6', '2021-02-02 02:15:13'),
('a83de4e2-9d15-4429-9f13-990234e4a6fd', 'Grand Santa Fe', '78ddf6a2-1836-4536-ae40-af2044430199', '2021-02-04 19:45:42'),
('a84039c3-b7c0-4c2d-8579-72770e4e188b', 'Cerato', 'fd489104-ff31-464c-82d7-802d3414977e', '2021-02-04 20:00:36'),
('a967fd21-87e8-444b-835f-0b602ae76cc1', 'F8 Tributo', 'abcbacc2-50c5-40fe-9000-b5e355e3c1d6', '2021-02-02 02:42:58'),
('a98b1fa4-f8dd-4f4e-97be-2ddd9b389185', 'Marrua', '056d3d5c-36f8-4e6a-ae1a-33301e1f3e73', '2021-02-01 03:25:20'),
('a9ca4d17-0fa8-43f8-b574-587533654b2f', 'C4 Picasso', '505db8d9-0092-4b85-b096-829f77b38204', '2021-02-02 02:26:26'),
('a9dfa5df-e1e7-4dac-8555-eb47a17f38f5', 'Uno Cargo', '8a13a965-56a2-4f5d-9dfa-e4370a61de05', '2021-02-02 02:53:56'),
('aa3e590c-b680-4f6d-a136-c9235034e995', 'Journey', '3fb4a3ff-a47b-415c-8002-aa1a8021fa7d', '2021-02-02 02:35:15'),
('aba40ea7-f81f-4d37-b70e-5433ad1815cf', '435 i', '9f9111d9-2f57-43c8-a4a5-8661511e3e0e', '2021-02-02 01:47:06'),
('ac05cdf8-dd86-43a9-a15e-ca1c57819990', 'Serie C', '38da68fb-8811-4c52-bf1d-c29323f7f2ce', '2021-02-02 02:34:44'),
('ac9c60f1-6d9d-4f4a-89c6-0924ae790beb', 'B 200', '43dba27b-7c86-44fa-8bde-1c516c7e865d', '2021-02-04 20:28:09'),
('ace27a72-d22c-46a0-a8da-be7827813657', 'XJ', '62be96dc-8f42-4a6b-83de-6dc06f9f91ca', '2021-02-04 19:53:00'),
('adc2185b-47b4-499c-8e50-47842ba8c8b1', 'Tracker', '65fd1c93-19c0-4569-aa36-78165b85eaf6', '2021-02-02 02:19:25'),
('addf9ff0-1a53-41e2-bdc7-c0123225747f', '540 i', '9f9111d9-2f57-43c8-a4a5-8661511e3e0e', '2021-02-02 01:48:59'),
('aef2c0b5-5ee3-4bd4-90b9-a5a1e3ee4968', 'X4', '9f9111d9-2f57-43c8-a4a5-8661511e3e0e', '2021-02-02 01:54:51'),
('afad7c6c-3b6f-44bf-b32f-08258d2460e1', 'Vito 121', '43dba27b-7c86-44fa-8bde-1c516c7e865d', '2021-02-04 20:43:33'),
('afd24f53-08f3-45e1-a9de-295d6038598d', 'RS6', '0bdaf627-29b8-4e91-8692-de73e6895d66', '2021-02-01 20:11:24'),
('afe9152e-cbcc-4927-a35d-fec9902168f0', 'Ecosport', '69c2661a-1184-49c6-a2d7-e48ec61dac50', '2021-02-04 18:49:06'),
('afe9cc47-41c4-471f-bb32-80dd0e31506d', 'S5', 'b18a2705-3998-4714-b44a-c7c6fd2c8dd9', '2021-02-04 19:50:53'),
('b0640299-8811-4eb9-b790-e221885d2c22', '7 Crossback', 'daa80474-e65b-4f27-bcc0-2a67fa0ccd86', '2021-02-02 02:35:58'),
('b0da9910-9786-4583-9ae9-d084382acf82', 'E 300', '43dba27b-7c86-44fa-8bde-1c516c7e865d', '2021-02-04 20:35:09'),
('b13526d8-1cce-4146-83b7-0c6eb906e474', '156', '6dcc52f6-65a9-4024-ae59-18502292bae3', '2021-02-01 20:01:41'),
('b1b80ed1-8a01-4364-96fc-3db040e07e9a', 'Defender', '19aec273-ec59-4a34-aca6-9cd37b5d5cef', '2021-02-04 20:05:32'),
('b218556d-cb59-4d15-8ece-f8a6dcce634e', 'H6', '8390dee5-7ab8-4a22-a4a7-c82db9e6ee50', '2021-02-04 19:40:52'),
('b2814cb0-1502-4b9a-99af-29bd779f4cb7', 'Joy', '65fd1c93-19c0-4569-aa36-78165b85eaf6', '2021-02-02 02:17:09'),
('b2e7b0ab-ba3c-483f-abe7-996b906380ee', 'Prisma', '65fd1c93-19c0-4569-aa36-78165b85eaf6', '2021-02-02 02:18:33'),
('b4069820-9827-4b74-b97a-81fedd2d4244', 'G 500', '43dba27b-7c86-44fa-8bde-1c516c7e865d', '2021-02-04 20:36:27'),
('b4cc39a9-870f-46e9-8a21-e4079da9a894', 'AllRoad', '0bdaf627-29b8-4e91-8692-de73e6895d66', '2021-02-01 20:08:23'),
('b560cbc5-bdef-46fc-87fa-c7b430e44a33', 'C 220', '43dba27b-7c86-44fa-8bde-1c516c7e865d', '2021-02-04 20:29:16'),
('b600c963-4be7-4d28-aa50-7dfeb9babd39', 'Emgrand FE 3', '1cef28af-80ad-4d6f-b0ec-d73a360e048a', '2021-02-04 19:36:57'),
('b6938ef6-8d76-4b57-870d-4a886a9830df', 'RS3', '0bdaf627-29b8-4e91-8692-de73e6895d66', '2021-02-01 20:10:38'),
('b7579501-cc3d-44f9-9299-58d99bfba7fe', '120', '9f9111d9-2f57-43c8-a4a5-8661511e3e0e', '2021-02-02 01:42:04'),
('b7756b56-4f7c-485d-b2e9-bc56944536ec', 'Cherokee', '590345e7-2f29-4fd7-9792-689c549781e2', '2021-02-04 19:55:09'),
('b805aacd-edfc-4cec-a540-4f8cd729f537', 'C 250', '43dba27b-7c86-44fa-8bde-1c516c7e865d', '2021-02-04 20:29:46'),
('b918ac28-4b3d-432b-8f04-bf39cbc54349', 'CLC 250', '43dba27b-7c86-44fa-8bde-1c516c7e865d', '2021-02-04 20:32:49'),
('b977b5e1-e094-4113-88b3-7ee839bf1c67', 'Viano', '43dba27b-7c86-44fa-8bde-1c516c7e865d', '2021-02-04 20:42:49'),
('b9d29399-1ca4-4954-bef3-084bcdaa322b', 'E 280', '43dba27b-7c86-44fa-8bde-1c516c7e865d', '2021-02-04 20:34:59'),
('b9ea9e64-3147-44cd-99d4-5a0690e5471f', '535 i', '9f9111d9-2f57-43c8-a4a5-8661511e3e0e', '2021-02-02 01:48:48'),
('bab944e1-6a8b-494b-8dff-5edca098507b', 'SL 500', '43dba27b-7c86-44fa-8bde-1c516c7e865d', '2021-02-04 20:41:41'),
('bafcb2b7-2e5a-47b2-b4a4-ce73f8bd6a7d', 'X60', '91aad5a3-1a6f-43f5-a129-68cbfa9c0a40', '2021-02-04 20:13:26'),
('bd202ba3-214d-44a5-b590-2f7765787cb8', 'GL 500', '43dba27b-7c86-44fa-8bde-1c516c7e865d', '2021-02-04 20:36:40'),
('be78d866-0e3f-4b94-95f9-5b2ae9f805d4', 'Elise', '44372c91-95ad-4797-b55e-dc12e0a7d003', '2021-02-04 20:13:54'),
('be877f2e-0856-455b-aba3-7a79a82f6e66', 'CS15', 'ae521e16-09cd-4d9a-8dde-21acffffde75', '2021-02-02 02:09:48'),
('bf0d09f6-efda-4dab-af1c-58d5c4aaf13a', 'UX', '889d2ea9-d0db-4c47-9ba7-3614c36fb9ec', '2021-02-04 20:11:57'),
('bf2dbb33-a77c-4030-80ed-088350acdb04', 'C-Elysee', '505db8d9-0092-4b85-b096-829f77b38204', '2021-02-02 02:29:59'),
('bf8e2258-0f0f-413f-9df4-b966cd7b36f9', '218 i', '9f9111d9-2f57-43c8-a4a5-8661511e3e0e', '2021-02-02 01:43:03'),
('c00b6830-2b5a-4157-9fa8-531c78546921', '430 i', '9f9111d9-2f57-43c8-a4a5-8661511e3e0e', '2021-02-02 01:46:52'),
('c226b0ff-a35d-46b4-8dc7-c9c01ed89250', 'Range Rover Evoque', '19aec273-ec59-4a34-aca6-9cd37b5d5cef', '2021-02-04 20:06:37'),
('c2bf115e-8500-42dd-be15-f5a66a21fe8d', 'C4', '505db8d9-0092-4b85-b096-829f77b38204', '2021-02-02 02:25:04'),
('c2eb7566-1423-4257-9537-8b25ec6aef57', 'A5', '0bdaf627-29b8-4e91-8692-de73e6895d66', '2021-02-01 20:07:22'),
('c37981f8-1923-4be0-8252-c884e5b655bb', 'Mohave', 'fd489104-ff31-464c-82d7-802d3414977e', '2021-02-04 20:01:05'),
('c4033574-8815-4c95-9149-b6c050a8b3ba', 'Berlingo', '505db8d9-0092-4b85-b096-829f77b38204', '2021-02-02 02:24:02'),
('c510cab2-2e47-4f58-bda6-44936b0553d2', 'Soul', 'fd489104-ff31-464c-82d7-802d3414977e', '2021-02-04 20:02:33'),
('c52edadd-51cc-4405-ac5b-39c8e0bee08f', 'California', 'abcbacc2-50c5-40fe-9000-b5e355e3c1d6', '2021-02-02 02:42:26'),
('c7aa98a8-be8e-46c6-a55a-67371b361fba', 'Qubo', '8a13a965-56a2-4f5d-9dfa-e4370a61de05', '2021-02-02 02:52:54'),
('c81d5ec1-e19f-4d04-9d3b-d59a72e77d04', 'SLK', '43dba27b-7c86-44fa-8bde-1c516c7e865d', '2021-02-04 20:42:02'),
('c85c8391-ca3a-4970-8679-c92dbaf1c07f', 'S-Max', '69c2661a-1184-49c6-a2d7-e48ec61dac50', '2021-02-04 18:54:38'),
('c98f9df3-5450-47a7-8509-3a394da94172', 'Evora', '44372c91-95ad-4797-b55e-dc12e0a7d003', '2021-02-04 20:14:05'),
('caf3f687-5912-44f8-9d05-d9d430f4076f', 'Myway', '91aad5a3-1a6f-43f5-a129-68cbfa9c0a40', '2021-02-04 20:12:45'),
('cb378197-ef91-4c1b-bf15-716ffee3eb95', 'C4 Grand Spacetourer', '505db8d9-0092-4b85-b096-829f77b38204', '2021-02-02 02:27:46'),
('cb843a32-9956-4502-9afb-d83b8313f413', 'H 100', '78ddf6a2-1836-4536-ae40-af2044430199', '2021-02-04 19:46:11'),
('cc37eeb0-6ebc-44e6-83cd-55688ef0cf34', 'Arrizo 5', '7f98d438-5a70-4752-839c-e5c8efa657e9', '2021-02-02 02:13:11'),
('cce37645-1045-4d77-855a-379d01f33c08', 'H1', '8390dee5-7ab8-4a22-a4a7-c82db9e6ee50', '2021-02-04 19:40:27'),
('cd5f0faf-8cd8-469d-ac67-651f1a3f79b3', 'X55 Crossover', '23b0578d-53ef-4e33-8654-c44921519e7e', '2021-02-01 20:14:45'),
('cdbf8770-0657-4e5a-880b-e58063f13b94', '318', '9f9111d9-2f57-43c8-a4a5-8661511e3e0e', '2021-02-02 01:44:22'),
('ce66bb8c-461f-48f8-a90c-116d8b9e2674', 'C 200', '43dba27b-7c86-44fa-8bde-1c516c7e865d', '2021-02-04 20:29:00'),
('ceffd1ba-2899-485d-9945-9d156754c695', '515', '1cef28af-80ad-4d6f-b0ec-d73a360e048a', '2021-02-04 19:36:22'),
('cf396d01-5d77-4893-bdec-8d1f1b24ccbb', 'Spyder', '4969df58-aeb8-4e15-9088-f8f70675d960', '2021-02-04 20:15:56'),
('cf692b0e-e902-49b5-88fe-cd61afc77d81', 'Corvette', '65fd1c93-19c0-4569-aa36-78165b85eaf6', '2021-02-02 02:16:33'),
('cf7d1cf1-3f24-45f2-bde1-9592fecf80cb', 'E 320', '43dba27b-7c86-44fa-8bde-1c516c7e865d', '2021-02-04 20:35:22'),
('cfb9e353-d409-427a-a59d-6bd326db7117', 'RS Q8', '0bdaf627-29b8-4e91-8692-de73e6895d66', '2021-02-01 20:12:13'),
('cfc04d1e-1d21-4340-b292-1797f4a5c7c4', 'Jumpy', '505db8d9-0092-4b85-b096-829f77b38204', '2021-02-02 02:30:15'),
('cfd6b5c2-3ae1-4548-a16b-63825b58fc0a', 'C 230', '43dba27b-7c86-44fa-8bde-1c516c7e865d', '2021-02-04 20:29:34'),
('cfd73f1f-946b-4781-8b98-e904d0938600', 'Palio', '8a13a965-56a2-4f5d-9dfa-e4370a61de05', '2021-02-02 02:52:35'),
('d01cc65c-a5da-499f-a1dc-e1319e6de91f', 'C 63', '43dba27b-7c86-44fa-8bde-1c516c7e865d', '2021-02-04 20:28:45'),
('d0a23481-f443-420a-b38a-a336c9d8afae', '4', 'daa80474-e65b-4f27-bcc0-2a67fa0ccd86', '2021-02-02 02:35:49'),
('d0a8cbdb-4abb-4647-9958-624d90a04f08', 'Stelvio', '6dcc52f6-65a9-4024-ae59-18502292bae3', '2021-02-01 20:03:36'),
('d0b7e500-3c4c-4fd9-964c-340f25362725', 'Captiva', '65fd1c93-19c0-4569-aa36-78165b85eaf6', '2021-02-02 02:15:50'),
('d1d72860-617a-43d7-ac78-291f4029ce9d', 'CLA 200', '43dba27b-7c86-44fa-8bde-1c516c7e865d', '2021-02-04 20:32:04'),
('d201c8d7-2af7-47a1-831b-80242fe2c888', 'Sonata', '78ddf6a2-1836-4536-ae40-af2044430199', '2021-02-04 19:47:58'),
('d3ef39ff-5def-499d-8eb7-4a577e98296f', 'Fiorino', '8a13a965-56a2-4f5d-9dfa-e4370a61de05', '2021-02-02 02:51:20'),
('d5dcec1a-d8ce-48df-a86e-7b676dd859ed', 'Idea', '8a13a965-56a2-4f5d-9dfa-e4370a61de05', '2021-02-02 02:51:57'),
('d6102193-aff0-4d6d-818f-f28546b41402', '323', '9f9111d9-2f57-43c8-a4a5-8661511e3e0e', '2021-02-02 01:45:00'),
('d6dcb367-1ff2-48a3-aa46-26400a85f17b', 'CLK 350', '43dba27b-7c86-44fa-8bde-1c516c7e865d', '2021-02-04 20:33:21'),
('d8284560-8030-4ede-bbe1-32f5b8ecdb88', 'Ducato', '8a13a965-56a2-4f5d-9dfa-e4370a61de05', '2021-02-02 02:51:04'),
('d83bb6cd-f37d-4238-a9bb-2ccb2900790a', 'X1', '9f9111d9-2f57-43c8-a4a5-8661511e3e0e', '2021-02-02 01:54:23'),
('d8bd3230-6c33-420a-b329-94e700387d74', 'Z4', '9f9111d9-2f57-43c8-a4a5-8661511e3e0e', '2021-02-02 01:55:27'),
('d90efb67-3d8b-43f2-8cec-d0beb5c21a47', 'TT', '0bdaf627-29b8-4e91-8692-de73e6895d66', '2021-02-01 20:12:33'),
('daa070d4-5f28-470b-b988-c1e8a7b80bd3', 'Ranger Pick-Up', '69c2661a-1184-49c6-a2d7-e48ec61dac50', '2021-02-04 18:53:35'),
('dae5d445-5717-412e-9d7d-67a86f47b9f8', '325', '9f9111d9-2f57-43c8-a4a5-8661511e3e0e', '2021-02-02 01:45:10'),
('db5b58ee-8848-4e14-810d-ae6bdf0b8403', 'Gran Sport', '4969df58-aeb8-4e15-9088-f8f70675d960', '2021-02-04 20:15:05'),
('dc265591-2c1d-4df4-89c1-a7f6d9b036e0', 'X65 Crossover', '23b0578d-53ef-4e33-8654-c44921519e7e', '2021-02-01 20:15:00'),
('dc9fa1c4-86a2-4839-88b0-345488c3e186', '645', '9f9111d9-2f57-43c8-a4a5-8661511e3e0e', '2021-02-02 01:50:17'),
('dd2c5025-a956-4535-bf79-6ce47e34fc46', 'Elantra', '78ddf6a2-1836-4536-ae40-af2044430199', '2021-02-04 19:45:12'),
('dd611645-263d-4d16-9841-df9b4e561c7f', 'Grand Siena', '8a13a965-56a2-4f5d-9dfa-e4370a61de05', '2021-02-02 02:51:48'),
('dd86759d-4686-4774-a6ad-1af93631e63e', 'S2', 'b18a2705-3998-4714-b44a-c7c6fd2c8dd9', '2021-02-04 19:50:31'),
('dd936db7-58a6-4f94-bfa4-c4731fa4be98', 'S7', 'b18a2705-3998-4714-b44a-c7c6fd2c8dd9', '2021-02-04 19:51:03'),
('dfc59e76-d634-439e-ae14-7ff3946ab39e', 'i 10', '78ddf6a2-1836-4536-ae40-af2044430199', '2021-02-04 19:46:40'),
('e02b27b3-08f5-476a-be41-5ada9130974a', 'X5', '9f9111d9-2f57-43c8-a4a5-8661511e3e0e', '2021-02-02 01:55:00'),
('e10387d0-680e-468b-b7ee-927ee5e50544', 'RS7', '0bdaf627-29b8-4e91-8692-de73e6895d66', '2021-02-01 20:11:42'),
('e1e268de-53cf-4ae8-8259-21314d9f7c98', '220 i', '9f9111d9-2f57-43c8-a4a5-8661511e3e0e', '2021-02-02 01:43:13'),
('e238e19b-2c2d-4032-8ffa-84774bbefc99', 'LC', '1cef28af-80ad-4d6f-b0ec-d73a360e048a', '2021-02-04 19:37:46'),
('e2c41177-9859-4389-b464-3385c6a28108', 'Giulietta', '6dcc52f6-65a9-4024-ae59-18502292bae3', '2021-02-01 20:02:35'),
('e3412ee8-d47c-4e01-aac3-3eb4bb8fdf0e', 'C 280', '43dba27b-7c86-44fa-8bde-1c516c7e865d', '2021-02-04 20:30:09'),
('e3724658-a223-459a-9f09-0ca51b2de7ab', 'Gratour T3', '06078773-492f-4301-95cc-cb542716c499', '2021-02-04 19:35:20'),
('e3a6d9eb-424b-41d7-b2d9-b651968a9494', 'Pick-Up Cabina Doble', '820dddcf-86e4-4f5c-bb0a-1a99146c903c', '2021-02-04 19:50:08'),
('e457f8a0-7e72-40ab-a82d-d501d6ca6d42', 'Rondo', 'fd489104-ff31-464c-82d7-802d3414977e', '2021-02-04 20:01:54'),
('e4a649fb-f86f-4f1f-90e9-dbc3fa0fdd6e', 'A4', '0bdaf627-29b8-4e91-8692-de73e6895d66', '2021-02-01 20:07:08'),
('e74bd572-e9f8-4719-a42c-7d3a2bab4c1d', 'LS', '889d2ea9-d0db-4c47-9ba7-3614c36fb9ec', '2021-02-04 20:10:58'),
('e7d8ec3b-522b-4caa-a2d0-09db8aa144f7', 'California T', 'abcbacc2-50c5-40fe-9000-b5e355e3c1d6', '2021-02-02 02:42:43'),
('e81d504b-ab97-4b30-8400-e60a2a3a6055', 'C5', '505db8d9-0092-4b85-b096-829f77b38204', '2021-02-02 02:28:01'),
('e82a75df-c2a0-4787-91ca-a35e22b39d0d', 'T6 Pick-Up', 'b18a2705-3998-4714-b44a-c7c6fd2c8dd9', '2021-02-04 19:51:16'),
('e8af8df9-1d69-4844-a9cb-4343499a363f', 'GLA 45', '43dba27b-7c86-44fa-8bde-1c516c7e865d', '2021-02-04 20:36:55'),
('ea46f231-f489-4d92-8fd3-d8ffe052acc3', 'Jumper', '505db8d9-0092-4b85-b096-829f77b38204', '2021-02-02 02:30:07'),
('ea645fee-61f4-407c-a4ac-af54de992d7f', 'Range Rover', '19aec273-ec59-4a34-aca6-9cd37b5d5cef', '2021-02-04 20:06:23'),
('ed72998c-80d4-41b1-9a0c-1b9639332a4c', 'Celta', '65fd1c93-19c0-4569-aa36-78165b85eaf6', '2021-02-02 02:15:57'),
('ee54979f-756f-4f2d-9eb0-091d62f6a1c7', 'Picanto', 'fd489104-ff31-464c-82d7-802d3414977e', '2021-02-04 20:01:28'),
('ef56ed58-95f3-497b-ad47-720022d6b7a2', 'Carnival Grand', 'fd489104-ff31-464c-82d7-802d3414977e', '2021-02-04 20:00:21'),
('ef7ad8e8-33e1-4285-afce-a1fd7dff965a', 'AMG GT 4', '43dba27b-7c86-44fa-8bde-1c516c7e865d', '2021-02-04 20:40:19'),
('f1068f2c-207e-4068-9461-83396011a0b7', 'C 350', '43dba27b-7c86-44fa-8bde-1c516c7e865d', '2021-02-04 20:31:18'),
('f1cbbb33-266b-4ed1-b1c9-8bb257dd78d5', 'F Type', '62be96dc-8f42-4a6b-83de-6dc06f9f91ca', '2021-02-04 19:52:09'),
('f20d7fad-550f-4301-82b4-06711149fb87', 'Xsara Picasso', '505db8d9-0092-4b85-b096-829f77b38204', '2021-02-02 02:30:42'),
('f21d2ddf-238f-4989-9978-fd404a0fb760', 'GLE 500', '43dba27b-7c86-44fa-8bde-1c516c7e865d', '2021-02-04 20:39:22'),
('f26dbe80-9597-4b66-b8c5-ae40e1ec4fe6', 'F 599', 'abcbacc2-50c5-40fe-9000-b5e355e3c1d6', '2021-02-02 02:43:16'),
('f30370d9-0b9c-4582-8a61-cab4f41022ae', 'HR-V', '7bb4a435-19d6-4396-82a2-abed558f1e76', '2021-02-04 19:43:08'),
('f3623e55-dc32-4629-855d-6c9cd0faf559', 'E 450', '43dba27b-7c86-44fa-8bde-1c516c7e865d', '2021-02-04 20:35:59'),
('f37187f9-e0c4-468d-8539-a533f85a3131', 'Equinox', '65fd1c93-19c0-4569-aa36-78165b85eaf6', '2021-02-02 02:16:53'),
('f47e7f42-ff52-4b78-a99d-6c3b8bd9fd3b', 'Q3', '0bdaf627-29b8-4e91-8692-de73e6895d66', '2021-02-01 20:09:15'),
('f4ffd335-131e-4118-a04f-4c79cf6be998', 'Stilo', '8a13a965-56a2-4f5d-9dfa-e4370a61de05', '2021-02-02 02:53:17'),
('f54e1ce5-97c7-4b96-bacd-6b539c7cb63b', 'Mondeo', '69c2661a-1184-49c6-a2d7-e48ec61dac50', '2021-02-04 18:52:50'),
('f58c4818-49ca-4cf1-bbb2-0a3a4197c03c', '300', '7949582d-e2a2-49bd-9845-dace8aadafc2', '2021-02-02 02:21:37'),
('f65389a0-1559-45e0-9ab9-57b4021d32f6', 'CLS 500', '43dba27b-7c86-44fa-8bde-1c516c7e865d', '2021-02-04 20:34:06'),
('f66b3db7-f8ba-4fae-905a-e5f64d834f84', 'ML', '43dba27b-7c86-44fa-8bde-1c516c7e865d', '2021-02-04 20:40:52'),
('f79010b5-a226-4e60-9938-fc5addf8f30f', 'H1', '78ddf6a2-1836-4536-ae40-af2044430199', '2021-02-04 19:45:57'),
('f799d529-f765-49c5-8f74-85c9f1f07aeb', 'Avalanche', '65fd1c93-19c0-4569-aa36-78165b85eaf6', '2021-02-02 02:15:05'),
('f7c1034a-86db-4f07-a35a-cabafc66ddf9', 'Mustang', '69c2661a-1184-49c6-a2d7-e48ec61dac50', '2021-02-04 18:53:13'),
('f7c9cd06-99a3-4360-ad5b-fcd764038f6a', 'A8', '0bdaf627-29b8-4e91-8692-de73e6895d66', '2021-02-01 20:08:05'),
('f87566b9-a60d-4506-89a2-eceb60e73a6b', 'QQ', '7f98d438-5a70-4752-839c-e5c8efa657e9', '2021-02-02 02:13:26'),
('f8f19703-3a56-4c9b-9d54-737aac947ba2', 'M4', '9f9111d9-2f57-43c8-a4a5-8661511e3e0e', '2021-02-02 01:52:05'),
('f9637853-af52-4c78-ac94-d2d5a69be74f', 'C6', '505db8d9-0092-4b85-b096-829f77b38204', '2021-02-02 02:28:21'),
('f9e99bf2-2229-4da1-956f-733b00af5450', 'Accord', '7bb4a435-19d6-4396-82a2-abed558f1e76', '2021-02-04 19:41:17'),
('f9eee8ac-bddd-42bd-bab8-78185c1fdbc7', 'Camaro SS', '65fd1c93-19c0-4569-aa36-78165b85eaf6', '2021-02-02 02:15:37'),
('faaf2b0b-6148-4d37-a5c5-597189813c38', 'LC', '889d2ea9-d0db-4c47-9ba7-3614c36fb9ec', '2021-02-04 20:10:47'),
('fb346052-29a7-41d1-bfe8-7ddf3a7d4c66', 'A6', '0bdaf627-29b8-4e91-8692-de73e6895d66', '2021-02-01 20:07:33'),
('fbbc0886-8172-4e75-b364-afc89882a845', 'Spin', '65fd1c93-19c0-4569-aa36-78165b85eaf6', '2021-02-02 02:19:17'),
('fbd45ebc-0ab8-4cfe-904c-c3da4960eabd', 'F 488', 'abcbacc2-50c5-40fe-9000-b5e355e3c1d6', '2021-02-02 02:43:08'),
('fc7c9b88-7a25-4c52-8896-fd0ad60706db', 'Opirus', 'fd489104-ff31-464c-82d7-802d3414977e', '2021-02-04 20:01:17'),
('fe8d803b-d489-4f25-8055-b3250559cb17', '640', '9f9111d9-2f57-43c8-a4a5-8661511e3e0e', '2021-02-02 01:49:58');

-- --------------------------------------------------------

--
-- Estructura de tabla para la tabla `reason_for_trip`
--

CREATE TABLE `reason_for_trip` (
  `id` char(36) NOT NULL,
  `description` varchar(100) NOT NULL,
  `createAt` datetime NOT NULL
) ENGINE=InnoDB DEFAULT CHARSET=utf8mb4;

--
-- Volcado de datos para la tabla `reason_for_trip`
--

INSERT INTO `reason_for_trip` (`id`, `description`, `createAt`) VALUES
('44ea298e-4435-4458-b5c6-e1b8e9b45b3e', 'Vacaciones', '2021-01-29 04:48:02'),
('81cd3dd7-e3fb-4c98-bbdd-419f4de37ebd', 'Otro', '2021-01-29 04:49:02'),
('b0b43151-e917-4511-9a1b-697d46156002', 'Salud', '2021-01-29 04:48:54'),
('d1983751-459d-4bd8-a509-95af85e98539', 'Trabajo', '2021-01-29 04:48:42');

-- --------------------------------------------------------

--
-- Estructura de tabla para la tabla `role`
--

CREATE TABLE `role` (
  `id` char(36) CHARACTER SET utf8mb4 NOT NULL,
  `description` varchar(100) CHARACTER SET utf8mb4 NOT NULL
) ENGINE=InnoDB DEFAULT CHARSET=latin1;

--
-- Volcado de datos para la tabla `role`
--

INSERT INTO `role` (`id`, `description`) VALUES
('ROLE_ADMIN', 'Administrador'),
('ROLE_USER', 'Usuario');

-- --------------------------------------------------------

--
-- Estructura de tabla para la tabla `traffic_police_booth`
--

CREATE TABLE `traffic_police_booth` (
  `id` char(36) NOT NULL,
  `description` varchar(100) NOT NULL,
  `createAt` datetime NOT NULL
) ENGINE=InnoDB DEFAULT CHARSET=utf8mb4;

--
-- Volcado de datos para la tabla `traffic_police_booth`
--

INSERT INTO `traffic_police_booth` (`id`, `description`, `createAt`) VALUES
('0a6ce05f-e4ad-41bc-9547-8f25b061d93d', 'Catamarca', '2021-01-17 19:20:45'),
('a1b27830-0b1e-40b4-a712-299a4e0c31a5', 'consectetur', '2021-01-28 19:28:25'),
('a825173a-34b7-4756-8341-be3cb4c32716', 'vaya saber unodf', '2021-01-29 01:04:28'),
('ff995c5c-19c8-402a-97a0-ddfc98996eb6', 'dolor', '2021-01-28 19:28:25');

-- --------------------------------------------------------

--
-- Estructura de tabla para la tabla `user`
--

CREATE TABLE `user` (
  `id` char(36) CHARACTER SET utf8mb4 NOT NULL,
  `username` varchar(100) CHARACTER SET utf8mb4 NOT NULL,
  `email` varchar(100) CHARACTER SET utf8mb4 NOT NULL,
  `password` varchar(255) CHARACTER SET utf8mb4 NOT NULL,
  `role_id` char(36) CHARACTER SET utf8mb4 NOT NULL,
  `createAt` datetime NOT NULL,
  `updateAt` datetime DEFAULT NULL,
  `isActive` tinyint(1) NOT NULL,
  `name` varchar(100) CHARACTER SET utf8mb4 NOT NULL,
  `surname` varchar(100) NOT NULL,
  `trafficPoliceBooth_id` char(36) CHARACTER SET utf8mb4 NOT NULL
) ENGINE=InnoDB DEFAULT CHARSET=latin1;

--
-- Volcado de datos para la tabla `user`
--

INSERT INTO `user` (`id`, `username`, `email`, `password`, `role_id`, `createAt`, `updateAt`, `isActive`, `name`, `surname`, `trafficPoliceBooth_id`) VALUES
('582fbf9d-c087-42d8-b6c9-a504b68e01cf', 'cum2806843473997655841', 'grady.millie@yahoo.com', ':#nbw;V9!;PKC1', 'ROLE_ADMIN', '2021-01-28 19:28:25', NULL, 0, 'aperiam4680241805314949167', 'soluta5475436162212986048', 'a1b27830-0b1e-40b4-a712-299a4e0c31a5'),
('80092513-0e2e-45f3-b344-6a49bbbe5dc9', 'et7954374892445396531', 'delfina37@gmail.com', '{3)$4EBOtHaC1', 'ROLE_USER', '2021-01-28 19:28:25', NULL, 1, 'hic1804255984734019725', 'ratione3147101298916984524', 'ff995c5c-19c8-402a-97a0-ddfc98996eb6'),
('e414e66f-aae0-4c4d-8fb3-1e576ff49296', 'cherza', 'cherza05@hotmail.comm', '$2y$13$zSce8.WFjceZ9Hi8roGJZuAjeoNyWEfvNXyLrKuONeM7B/aMZzBnq', 'ROLE_ADMIN', '2021-01-18 17:55:57', '2021-01-18 18:06:50', 0, 'Jorge', 'Romera', '0a6ce05f-e4ad-41bc-9547-8f25b061d93d');

-- --------------------------------------------------------

--
-- Estructura de tabla para la tabla `vehicle_body_type`
--

CREATE TABLE `vehicle_body_type` (
  `id` char(36) NOT NULL,
  `description` varchar(100) NOT NULL,
  `image` varchar(100) DEFAULT NULL,
  `createAt` datetime NOT NULL
) ENGINE=InnoDB DEFAULT CHARSET=utf8mb4;

--
-- Volcado de datos para la tabla `vehicle_body_type`
--

INSERT INTO `vehicle_body_type` (`id`, `description`, `image`, `createAt`) VALUES
('132a064a-e0ca-4b16-8047-663201e8c376', 'Moto', 'https://i.imgur.com/2xsVtgM.png', '2021-01-29 02:25:38'),
('63a5ca03-91a1-4c53-9f88-2b676fd195ed', 'Auto', 'https://i.imgur.com/rSmHH8D.png', '2021-01-29 02:26:00'),
('9d7b2782-181b-4725-a645-67acb96bb693', 'Utilitario', 'https://i.imgur.com/NwbdPrs.png', '2021-01-29 02:25:29'),
('f9bb1ad1-0063-45cf-bea3-a4bf1939e971', 'Camión', 'https://i.imgur.com/qfp7IRR.png', '2021-01-29 02:25:53');

-- --------------------------------------------------------

--
-- Estructura de tabla para la tabla `vehicle_maker_name`
--

CREATE TABLE `vehicle_maker_name` (
  `id` char(36) NOT NULL,
  `description` varchar(100) NOT NULL,
  `logoImage` varchar(100) DEFAULT NULL,
  `createAt` datetime NOT NULL
) ENGINE=InnoDB DEFAULT CHARSET=utf8mb4;

--
-- Volcado de datos para la tabla `vehicle_maker_name`
--

INSERT INTO `vehicle_maker_name` (`id`, `description`, `logoImage`, `createAt`) VALUES
('056d3d5c-36f8-4e6a-ae1a-33301e1f3e73', 'Agrale', NULL, '2021-02-01 03:23:32'),
('06078773-492f-4301-95cc-cb542716c499', 'Foton', NULL, '2021-02-04 19:31:29'),
('0bdaf627-29b8-4e91-8692-de73e6895d66', 'Audi', NULL, '2021-02-01 03:29:21'),
('19aec273-ec59-4a34-aca6-9cd37b5d5cef', 'Land Rover', NULL, '2021-02-04 19:34:13'),
('1cef28af-80ad-4d6f-b0ec-d73a360e048a', 'Geely', NULL, '2021-02-04 19:31:49'),
('23b0578d-53ef-4e33-8654-c44921519e7e', 'Baic', NULL, '2021-02-01 03:32:12'),
('38da68fb-8811-4c52-bf1d-c29323f7f2ce', 'DFSK', NULL, '2021-02-02 02:34:04'),
('3fb4a3ff-a47b-415c-8002-aa1a8021fa7d', 'Dodge', NULL, '2021-02-02 02:34:12'),
('43dba27b-7c86-44fa-8bde-1c516c7e865d', 'Mercedes Benz', NULL, '2021-02-04 20:26:16'),
('44372c91-95ad-4797-b55e-dc12e0a7d003', 'Lotus', NULL, '2021-02-04 19:34:38'),
('49094d27-19eb-47f5-8a86-a71a04f4fdb3', 'Jetour', NULL, '2021-02-04 19:33:42'),
('4969df58-aeb8-4e15-9088-f8f70675d960', 'Maserati', NULL, '2021-02-04 19:34:50'),
('505db8d9-0092-4b85-b096-829f77b38204', 'Citroen', NULL, '2021-02-02 02:21:21'),
('590345e7-2f29-4fd7-9792-689c549781e2', 'Jeep', NULL, '2021-02-04 19:33:33'),
('62be96dc-8f42-4a6b-83de-6dc06f9f91ca', 'Jaguar', NULL, '2021-02-04 19:33:21'),
('65fd1c93-19c0-4569-aa36-78165b85eaf6', 'Chevrolet', NULL, '2021-02-02 02:14:09'),
('69c2661a-1184-49c6-a2d7-e48ec61dac50', 'Ford', NULL, '2021-02-04 18:47:49'),
('6dcc52f6-65a9-4024-ae59-18502292bae3', 'Alfa Romeo', NULL, '2021-02-01 03:23:44'),
('78ddf6a2-1836-4536-ae40-af2044430199', 'Hyundai', NULL, '2021-02-04 19:32:46'),
('7949582d-e2a2-49bd-9845-dace8aadafc2', 'Chrysler', NULL, '2021-02-02 02:20:59'),
('7bb4a435-19d6-4396-82a2-abed558f1e76', 'Honda', NULL, '2021-02-04 19:32:33'),
('7f98d438-5a70-4752-839c-e5c8efa657e9', 'Chery', NULL, '2021-02-02 02:12:52'),
('820dddcf-86e4-4f5c-bb0a-1a99146c903c', 'Isuzu', NULL, '2021-02-04 19:33:08'),
('8390dee5-7ab8-4a22-a4a7-c82db9e6ee50', 'Haval', NULL, '2021-02-04 19:32:26'),
('889d2ea9-d0db-4c47-9ba7-3614c36fb9ec', 'Lexus', NULL, '2021-02-04 19:34:22'),
('8a13a965-56a2-4f5d-9dfa-e4370a61de05', 'Fiat', NULL, '2021-02-02 02:44:56'),
('91aad5a3-1a6f-43f5-a129-68cbfa9c0a40', 'Lifan', NULL, '2021-02-04 19:34:28'),
('9f9111d9-2f57-43c8-a4a5-8661511e3e0e', 'BMW', NULL, '2021-02-01 03:30:16'),
('abcbacc2-50c5-40fe-9000-b5e355e3c1d6', 'Ferrari', NULL, '2021-02-02 02:42:09'),
('ae521e16-09cd-4d9a-8dde-21acffffde75', 'Changan', NULL, '2021-02-02 02:09:33'),
('b18a2705-3998-4714-b44a-c7c6fd2c8dd9', 'Jac', NULL, '2021-02-04 19:33:15'),
('daa80474-e65b-4f27-bcc0-2a67fa0ccd86', 'DS', NULL, '2021-02-02 02:34:17'),
('e1894462-57d9-429b-996e-28fbada17993', 'KYC', NULL, '2021-02-04 19:34:05'),
('f092628f-8c38-44cb-a6cd-157fcece1692', 'Great Wall', NULL, '2021-02-04 19:32:06'),
('fd489104-ff31-464c-82d7-802d3414977e', 'Kia', NULL, '2021-02-04 19:33:50');

-- --------------------------------------------------------

--
-- Estructura de tabla para la tabla `vehicle_passenger`
--

CREATE TABLE `vehicle_passenger` (
  `id` char(36) NOT NULL,
  `name` varchar(100) NOT NULL,
  `surname` varchar(100) NOT NULL,
  `identityCard` int(11) NOT NULL,
  `phone` varchar(100) NOT NULL,
  `adress` varchar(100) NOT NULL,
  `districtEntryAndExitOfVehiclesControlId` char(36) NOT NULL,
  `temperatureControl` float NOT NULL
) ENGINE=InnoDB DEFAULT CHARSET=utf8mb4;

--
-- Índices para tablas volcadas
--

--
-- Indices de la tabla `district`
--
ALTER TABLE `district`
  ADD PRIMARY KEY (`id`),
  ADD UNIQUE KEY `descripcion` (`description`),
  ADD UNIQUE KEY `id` (`id`);

--
-- Indices de la tabla `district_entry_and_exit_of_vehicles_control`
--
ALTER TABLE `district_entry_and_exit_of_vehicles_control`
  ADD PRIMARY KEY (`id`),
  ADD UNIQUE KEY `id` (`id`),
  ADD KEY `trip_origin` (`tripOriginId`),
  ADD KEY `vehicle_body_type` (`vehicleBodyTypeId`) USING BTREE,
  ADD KEY `trip_destination` (`tripDestinationId`),
  ADD KEY `vehicle_maker_name` (`vehicleMakerNameId`),
  ADD KEY `model_of_vehicle` (`modelOfVehicleId`),
  ADD KEY `traffic_police_booth` (`trafficPoliceBoothId`) USING BTREE,
  ADD KEY `reason_for_trip_id` (`reasonForTripId`);

--
-- Indices de la tabla `model_of_vehicle`
--
ALTER TABLE `model_of_vehicle`
  ADD PRIMARY KEY (`id`),
  ADD UNIQUE KEY `id` (`id`),
  ADD KEY `vehicle_make_name` (`vehicle_make_name_id`);

--
-- Indices de la tabla `reason_for_trip`
--
ALTER TABLE `reason_for_trip`
  ADD PRIMARY KEY (`id`),
  ADD UNIQUE KEY `id` (`id`),
  ADD UNIQUE KEY `description` (`description`);

--
-- Indices de la tabla `role`
--
ALTER TABLE `role`
  ADD PRIMARY KEY (`id`),
  ADD UNIQUE KEY `id` (`id`),
  ADD UNIQUE KEY `description` (`description`);

--
-- Indices de la tabla `traffic_police_booth`
--
ALTER TABLE `traffic_police_booth`
  ADD PRIMARY KEY (`id`),
  ADD UNIQUE KEY `id` (`id`);

--
-- Indices de la tabla `user`
--
ALTER TABLE `user`
  ADD PRIMARY KEY (`id`),
  ADD UNIQUE KEY `id` (`id`) USING BTREE,
  ADD UNIQUE KEY `userName` (`username`),
  ADD UNIQUE KEY `email` (`email`),
  ADD KEY `role_id` (`id`),
  ADD KEY `role_id_2` (`role_id`),
  ADD KEY `id_trafficPoliceBooth` (`trafficPoliceBooth_id`);

--
-- Indices de la tabla `vehicle_body_type`
--
ALTER TABLE `vehicle_body_type`
  ADD PRIMARY KEY (`id`),
  ADD UNIQUE KEY `id` (`id`),
  ADD UNIQUE KEY `description` (`description`);

--
-- Indices de la tabla `vehicle_maker_name`
--
ALTER TABLE `vehicle_maker_name`
  ADD PRIMARY KEY (`id`),
  ADD UNIQUE KEY `id` (`id`),
  ADD UNIQUE KEY `description` (`description`);

--
-- Indices de la tabla `vehicle_passenger`
--
ALTER TABLE `vehicle_passenger`
  ADD PRIMARY KEY (`id`),
  ADD UNIQUE KEY `id` (`id`),
  ADD KEY `district_entry_and_exit_of_vehicles_control_id` (`districtEntryAndExitOfVehiclesControlId`);

--
-- Restricciones para tablas volcadas
--

--
-- Filtros para la tabla `district_entry_and_exit_of_vehicles_control`
--
ALTER TABLE `district_entry_and_exit_of_vehicles_control`
  ADD CONSTRAINT `district_entry_and_exit_of_vehicles_control_ibfk_1` FOREIGN KEY (`tripOriginId`) REFERENCES `district` (`id`),
  ADD CONSTRAINT `district_entry_and_exit_of_vehicles_control_ibfk_2` FOREIGN KEY (`vehicleBodyTypeId`) REFERENCES `vehicle_body_type` (`id`),
  ADD CONSTRAINT `district_entry_and_exit_of_vehicles_control_ibfk_3` FOREIGN KEY (`tripDestinationId`) REFERENCES `district` (`id`),
  ADD CONSTRAINT `district_entry_and_exit_of_vehicles_control_ibfk_5` FOREIGN KEY (`vehicleMakerNameId`) REFERENCES `vehicle_maker_name` (`id`),
  ADD CONSTRAINT `district_entry_and_exit_of_vehicles_control_ibfk_6` FOREIGN KEY (`modelOfVehicleId`) REFERENCES `model_of_vehicle` (`id`),
  ADD CONSTRAINT `district_entry_and_exit_of_vehicles_control_ibfk_7` FOREIGN KEY (`trafficPoliceBoothId`) REFERENCES `traffic_police_booth` (`id`),
  ADD CONSTRAINT `district_entry_and_exit_of_vehicles_control_ibfk_8` FOREIGN KEY (`reasonForTripId`) REFERENCES `reason_for_trip` (`id`) ON DELETE CASCADE;

--
-- Filtros para la tabla `model_of_vehicle`
--
ALTER TABLE `model_of_vehicle`
  ADD CONSTRAINT `model_of_vehicle_ibfk_1` FOREIGN KEY (`vehicle_make_name_id`) REFERENCES `vehicle_maker_name` (`id`) ON DELETE CASCADE;

--
-- Filtros para la tabla `user`
--
ALTER TABLE `user`
  ADD CONSTRAINT `user_ibfk_1` FOREIGN KEY (`role_id`) REFERENCES `role` (`id`),
  ADD CONSTRAINT `user_ibfk_2` FOREIGN KEY (`trafficPoliceBooth_id`) REFERENCES `traffic_police_booth` (`id`);

--
-- Filtros para la tabla `vehicle_passenger`
--
ALTER TABLE `vehicle_passenger`
  ADD CONSTRAINT `vehicle_passenger_ibfk_1` FOREIGN KEY (`districtEntryAndExitOfVehiclesControlId`) REFERENCES `district_entry_and_exit_of_vehicles_control` (`id`) ON DELETE CASCADE;
COMMIT;

/*!40101 SET CHARACTER_SET_CLIENT=@OLD_CHARACTER_SET_CLIENT */;
/*!40101 SET CHARACTER_SET_RESULTS=@OLD_CHARACTER_SET_RESULTS */;
/*!40101 SET COLLATION_CONNECTION=@OLD_COLLATION_CONNECTION */;
